Workbook

Sheet Remote work mental helath
A1: Employee ID | B1: Age | C1: Gender | D1: Job Role | E1: Industry | F1: Years of Experience | G1: Work Location | H1: Hours Worked Per Week | I1: Number of Virtual Meetings | J1: Work Life Balance Rating | K1: Stress Level | L1: Mental Health Condition | M1: Access to Mental Health Resources | N1: Productivity Change | O1: Social Isolation Rating | P1: Satisfaction with Remote Work | Q1: Company Support for Remote Work | R1: Physical Activity | S1: Sleep Quality | T1: Region
A2: EMP0001 | B2: 32 | C2: Non-binary | D2: HR | E2: Healthcare | F2: 13 | G2: Hybrid | H2: 47 | I2: 7 | J2: 2 | K2: Medium | L2: Depression | M2: No | N2: Decrease | O2: 1 | P2: Unsatisfied | Q2: 1 | R2: Weekly | S2: Good | T2: Europe
A3: EMP0002 | B3: 40 | C3: Female | D3: Data Scientist | E3: IT | F3: 3 | G3: Remote | H3: 52 | I3: 4 | J3: 1 | K3: Medium | L3: Anxiety | M3: No | N3: Increase | O3: 3 | P3: Satisfied | Q3: 2 | R3: Weekly | S3: Good | T3: Asia
A4: EMP0003 | B4: 59 | C4: Non-binary | D4: Software Engineer | E4: Education | F4: 22 | G4: Hybrid | H4: 46 | I4: 11 | J4: 5 | K4: Medium | L4: Anxiety | M4: No | N4: No Change | O4: 4 | P4: Unsatisfied | Q4: 5 | R4: None | S4: Poor | T4: North America
A5: EMP0004 | B5: 27 | C5: Male | D5: Software Engineer | E5: Finance | F5: 20 | G5: Onsite | H5: 32 | I5: 8 | J5: 4 | K5: High | L5: Depression | M5: Yes | N5: Increase | O5: 3 | P5: Unsatisfied | Q5: 3 | R5: None | S5: Poor | T5: Europe
A6: EMP0005 | B6: 49 | C6: Male | D6: Sales | E6: Consulting | F6: 32 | G6: Onsite | H6: 35 | I6: 12 | J6: 2 | K6: High | L6: None | M6: Yes | N6: Decrease | O6: 3 | P6: Unsatisfied | Q6: 3 | R6: Weekly | S6: Average | T6: North America
A7: EMP0006 | B7: 59 | C7: Non-binary | D7: Sales | E7: IT | F7: 31 | G7: Hybrid | H7: 39 | I7: 3 | J7: 4 | K7: High | L7: None | M7: No | N7: Increase | O7: 5 | P7: Unsatisfied | Q7: 1 | R7: None | S7: Average | T7: South America
A8: EMP0007 | B8: 31 | C8: Prefer not to say | D8: Sales | E8: IT | F8: 24 | G8: Remote | H8: 51 | I8: 7 | J8: 3 | K8: Low | L8: Anxiety | M8: Yes | N8: Decrease | O8: 5 | P8: Neutral | Q8: 3 | R8: Daily | S8: Poor | T8: Asia
A9: EMP0008 | B9: 42 | C9: Non-binary | D9: Data Scientist | E9: Manufacturing | F9: 6 | G9: Onsite | H9: 54 | I9: 7 | J9: 3 | K9: Medium | L9: Depression | M9: No | N9: Decrease | O9: 5 | P9: Satisfied | Q9: 4 | R9: None | S9: Average | T9: North America
A10: EMP0009 | B10: 56 | C10: Prefer not to say | D10: Data Scientist | E10: Healthcare | F10: 9 | G10: Hybrid | H10: 24 | I10: 4 | J10: 2 | K10: High | L10: None | M10: Yes | N10: Decrease | O10: 2 | P10: Unsatisfied | Q10: 4 | R10: Daily | S10: Poor | T10: Europe
A11: EMP0010 | B11: 30 | C11: Female | D11: HR | E11: IT | F11: 28 | G11: Hybrid | H11: 57 | I11: 6 | J11: 1 | K11: Low | L11: Depression | M11: Yes | N11: Decrease | O11: 2 | P11: Neutral | Q11: 1 | R11: Weekly | S11: Poor | T11: North America
A12: EMP0011 | B12: 33 | C12: Non-binary | D12: Software Engineer | E12: Finance | F12: 17 | G12: Remote | H12: 48 | I12: 3 | J12: 3 | K12: High | L12: None | M12: Yes | N12: Decrease | O12: 4 | P12: Satisfied | Q12: 2 | R12: Weekly | S12: Average | T12: Oceania
A13: EMP0012 | B13: 47 | C13: Female | D13: Marketing | E13: Consulting | F13: 31 | G13: Hybrid | H13: 26 | I13: 12 | J13: 4 | K13: Medium | L13: None | M13: Yes | N13: No Change | O13: 4 | P13: Neutral | Q13: 3 | R13: Weekly | S13: Poor | T13: Africa
... A1001: EMP1000 | B1001: 53 | C1001: Non-binary | D1001: Designer | E1001: Retail | F1001: 10 | G1001: Remote | H1001: 41 | I1001: 2 | J1001: 1 | K1001: High | L1001: Anxiety | M1001: Yes | N1001: Increase | O1001: 5 | P1001: Neutral | Q1001: 1 | R1001: None | S1001: Poor | T1001: South America

Sheet Employee Details
A1: Employee ID | B1: Age | C1: Age Group | D1: Gender | E1: Region | F1: Job Role
A2: EMP0001 | B2: =VLOOKUP('Employee Details'!A2,'Remote work mental helath'!$A$2:$T$1001,2,) -> 32 | C2: =IF(B2<30,"20-29",IF(B2<40,"30-39",IF(B2<50,"40-49","50+"))) -> 30-39 | D2: =VLOOKUP(A2,'Remote work mental helath'!$A$2:$T$1001,3,) -> Non-binary | E2: =VLOOKUP(A2,'Remote work mental helath'!$A$2:$T$1001,20,) -> Europe | F2: =VLOOKUP(A2,'Remote work mental helath'!$A$2:$T$1001,4,) -> HR
A3: EMP0002 | B3: =VLOOKUP('Employee Details'!A3,'Remote work mental helath'!$A$2:$T$1001,2,) -> 40 | C3: =IF(B3<30,"20-29",IF(B3<40,"30-39",IF(B3<50,"40-49","50+"))) -> 40-49 | D3: =VLOOKUP(A3,'Remote work mental helath'!$A$2:$T$1001,3,) -> Female | E3: =VLOOKUP(A3,'Remote work mental helath'!$A$2:$T$1001,20,) -> Asia | F3: =VLOOKUP(A3,'Remote work mental helath'!$A$2:$T$1001,4,) -> Data Scientist
A4: EMP0003 | B4: =VLOOKUP('Employee Details'!A4,'Remote work mental helath'!$A$2:$T$1001,2,) -> 59 | C4: =IF(B4<30,"20-29",IF(B4<40,"30-39",IF(B4<50,"40-49","50+"))) -> 50+ | D4: =VLOOKUP(A4,'Remote work mental helath'!$A$2:$T$1001,3,) -> Non-binary | E4: =VLOOKUP(A4,'Remote work mental helath'!$A$2:$T$1001,20,) -> North America | F4: =VLOOKUP(A4,'Remote work mental helath'!$A$2:$T$1001,4,) -> Software Engineer
A5: EMP0004 | B5: =VLOOKUP('Employee Details'!A5,'Remote work mental helath'!$A$2:$T$1001,2,) -> 27 | C5: =IF(B5<30,"20-29",IF(B5<40,"30-39",IF(B5<50,"40-49","50+"))) -> 20-29 | D5: =VLOOKUP(A5,'Remote work mental helath'!$A$2:$T$1001,3,) -> Male | E5: =VLOOKUP(A5,'Remote work mental helath'!$A$2:$T$1001,20,) -> Europe | F5: =VLOOKUP(A5,'Remote work mental helath'!$A$2:$T$1001,4,) -> Software Engineer
A6: EMP0005 | B6: =VLOOKUP('Employee Details'!A6,'Remote work mental helath'!$A$2:$T$1001,2,) -> 49 | C6: =IF(B6<30,"20-29",IF(B6<40,"30-39",IF(B6<50,"40-49","50+"))) -> 40-49 | D6: =VLOOKUP(A6,'Remote work mental helath'!$A$2:$T$1001,3,) -> Male | E6: =VLOOKUP(A6,'Remote work mental helath'!$A$2:$T$1001,20,) -> North America | F6: =VLOOKUP(A6,'Remote work mental helath'!$A$2:$T$1001,4,) -> Sales
A7: EMP0006 | B7: =VLOOKUP('Employee Details'!A7,'Remote work mental helath'!$A$2:$T$1001,2,) -> 59 | C7: =IF(B7<30,"20-29",IF(B7<40,"30-39",IF(B7<50,"40-49","50+"))) -> 50+ | D7: =VLOOKUP(A7,'Remote work mental helath'!$A$2:$T$1001,3,) -> Non-binary | E7: =VLOOKUP(A7,'Remote work mental helath'!$A$2:$T$1001,20,) -> South America | F7: =VLOOKUP(A7,'Remote work mental helath'!$A$2:$T$1001,4,) -> Sales
A8: EMP0007 | B8: =VLOOKUP('Employee Details'!A8,'Remote work mental helath'!$A$2:$T$1001,2,) -> 31 | C8: =IF(B8<30,"20-29",IF(B8<40,"30-39",IF(B8<50,"40-49","50+"))) -> 30-39 | D8: =VLOOKUP(A8,'Remote work mental helath'!$A$2:$T$1001,3,) -> Prefer not to say | E8: =VLOOKUP(A8,'Remote work mental helath'!$A$2:$T$1001,20,) -> Asia | F8: =VLOOKUP(A8,'Remote work mental helath'!$A$2:$T$1001,4,) -> Sales
A9: EMP0008 | B9: =VLOOKUP('Employee Details'!A9,'Remote work mental helath'!$A$2:$T$1001,2,) -> 42 | C9: =IF(B9<30,"20-29",IF(B9<40,"30-39",IF(B9<50,"40-49","50+"))) -> 40-49 | D9: =VLOOKUP(A9,'Remote work mental helath'!$A$2:$T$1001,3,) -> Non-binary | E9: =VLOOKUP(A9,'Remote work mental helath'!$A$2:$T$1001,20,) -> North America | F9: =VLOOKUP(A9,'Remote work mental helath'!$A$2:$T$1001,4,) -> Data Scientist
A10: EMP0009 | B10: =VLOOKUP('Employee Details'!A10,'Remote work mental helath'!$A$2:$T$1001,2,) -> 56 | C10: =IF(B10<30,"20-29",IF(B10<40,"30-39",IF(B10<50,"40-49","50+"))) -> 50+ | D10: =VLOOKUP(A10,'Remote work mental helath'!$A$2:$T$1001,3,) -> Prefer not to say | E10: =VLOOKUP(A10,'Remote work mental helath'!$A$2:$T$1001,20,) -> Europe | F10: =VLOOKUP(A10,'Remote work mental helath'!$A$2:$T$1001,4,) -> Data Scientist
A11: EMP0010 | B11: =VLOOKUP('Employee Details'!A11,'Remote work mental helath'!$A$2:$T$1001,2,) -> 30 | C11: =IF(B11<30,"20-29",IF(B11<40,"30-39",IF(B11<50,"40-49","50+"))) -> 30-39 | D11: =VLOOKUP(A11,'Remote work mental helath'!$A$2:$T$1001,3,) -> Female | E11: =VLOOKUP(A11,'Remote work mental helath'!$A$2:$T$1001,20,) -> North America | F11: =VLOOKUP(A11,'Remote work mental helath'!$A$2:$T$1001,4,) -> HR
A12: EMP0011 | B12: =VLOOKUP('Employee Details'!A12,'Remote work mental helath'!$A$2:$T$1001,2,) -> 33 | C12: =IF(B12<30,"20-29",IF(B12<40,"30-39",IF(B12<50,"40-49","50+"))) -> 30-39 | D12: =VLOOKUP(A12,'Remote work mental helath'!$A$2:$T$1001,3,) -> Non-binary | E12: =VLOOKUP(A12,'Remote work mental helath'!$A$2:$T$1001,20,) -> Oceania | F12: =VLOOKUP(A12,'Remote work mental helath'!$A$2:$T$1001,4,) -> Software Engineer
A13: EMP0012 | B13: =VLOOKUP('Employee Details'!A13,'Remote work mental helath'!$A$2:$T$1001,2,) -> 47 | C13: =IF(B13<30,"20-29",IF(B13<40,"30-39",IF(B13<50,"40-49","50+"))) -> 40-49 | D13: =VLOOKUP(A13,'Remote work mental helath'!$A$2:$T$1001,3,) -> Female | E13: =VLOOKUP(A13,'Remote work mental helath'!$A$2:$T$1001,20,) -> Africa | F13: =VLOOKUP(A13,'Remote work mental helath'!$A$2:$T$1001,4,) -> Marketing
... A1001: EMP1000 | B1001: =VLOOKUP('Employee Details'!A1001,'Remote work mental helath'!$A$2:$T$1001,2,) -> 53 | C1001: =IF(B1001<30,"20-29",IF(B1001<40,"30-39",IF(B1001<50,"40-49","50+"))) -> 50+ | D1001: =VLOOKUP(A1001,'Remote work mental helath'!$A$2:$T$1001,3,) -> Non-binary | E1001: =VLOOKUP(A1001,'Remote work mental helath'!$A$2:$T$1001,20,) -> South America | F1001: =VLOOKUP(A1001,'Remote work mental helath'!$A$2:$T$1001,4,) -> Designer

Sheet Work Details
A1: Employee ID | B1: Industry | C1: Work Location | D1: Years of Experience | E1: Hours Worked Per Week | F1: Number of Virtual Meetings
A2: EMP0001 | B2: =VLOOKUP(A2,'Remote work mental helath'!$A$2:$T$1001,5,) -> Healthcare | C2: =VLOOKUP(A2,'Remote work mental helath'!$A$2:$T$1001,7,) -> Hybrid | D2: =VLOOKUP(A2,'Remote work mental helath'!$A$2:$T$1001,6,) -> 13 | E2: =VLOOKUP(A2,'Remote work mental helath'!$A$2:$T$1001,8,) -> 47 | F2: =VLOOKUP(A2,'Remote work mental helath'!$A$2:$T$1001,9,) -> 7
A3: EMP0002 | B3: =VLOOKUP(A3,'Remote work mental helath'!$A$2:$T$1001,5,) -> IT | C3: =VLOOKUP(A3,'Remote work mental helath'!$A$2:$T$1001,7,) -> Remote | D3: =VLOOKUP(A3,'Remote work mental helath'!$A$2:$T$1001,6,) -> 3 | E3: =VLOOKUP(A3,'Remote work mental helath'!$A$2:$T$1001,8,) -> 52 | F3: =VLOOKUP(A3,'Remote work mental helath'!$A$2:$T$1001,9,) -> 4
A4: EMP0003 | B4: =VLOOKUP(A4,'Remote work mental helath'!$A$2:$T$1001,5,) -> Education | C4: =VLOOKUP(A4,'Remote work mental helath'!$A$2:$T$1001,7,) -> Hybrid | D4: =VLOOKUP(A4,'Remote work mental helath'!$A$2:$T$1001,6,) -> 22 | E4: =VLOOKUP(A4,'Remote work mental helath'!$A$2:$T$1001,8,) -> 46 | F4: =VLOOKUP(A4,'Remote work mental helath'!$A$2:$T$1001,9,) -> 11
A5: EMP0004 | B5: =VLOOKUP(A5,'Remote work mental helath'!$A$2:$T$1001,5,) -> Finance | C5: =VLOOKUP(A5,'Remote work mental helath'!$A$2:$T$1001,7,) -> Onsite | D5: =VLOOKUP(A5,'Remote work mental helath'!$A$2:$T$1001,6,) -> 20 | E5: =VLOOKUP(A5,'Remote work mental helath'!$A$2:$T$1001,8,) -> 32 | F5: =VLOOKUP(A5,'Remote work mental helath'!$A$2:$T$1001,9,) -> 8
A6: EMP0005 | B6: =VLOOKUP(A6,'Remote work mental helath'!$A$2:$T$1001,5,) -> Consulting | C6: =VLOOKUP(A6,'Remote work mental helath'!$A$2:$T$1001,7,) -> Onsite | D6: =VLOOKUP(A6,'Remote work mental helath'!$A$2:$T$1001,6,) -> 32 | E6: =VLOOKUP(A6,'Remote work mental helath'!$A$2:$T$1001,8,) -> 35 | F6: =VLOOKUP(A6,'Remote work mental helath'!$A$2:$T$1001,9,) -> 12
A7: EMP0006 | B7: =VLOOKUP(A7,'Remote work mental helath'!$A$2:$T$1001,5,) -> IT | C7: =VLOOKUP(A7,'Remote work mental helath'!$A$2:$T$1001,7,) -> Hybrid | D7: =VLOOKUP(A7,'Remote work mental helath'!$A$2:$T$1001,6,) -> 31 | E7: =VLOOKUP(A7,'Remote work mental helath'!$A$2:$T$1001,8,) -> 39 | F7: =VLOOKUP(A7,'Remote work mental helath'!$A$2:$T$1001,9,) -> 3
A8: EMP0007 | B8: =VLOOKUP(A8,'Remote work mental helath'!$A$2:$T$1001,5,) -> IT | C8: =VLOOKUP(A8,'Remote work mental helath'!$A$2:$T$1001,7,) -> Remote | D8: =VLOOKUP(A8,'Remote work mental helath'!$A$2:$T$1001,6,) -> 24 | E8: =VLOOKUP(A8,'Remote work mental helath'!$A$2:$T$1001,8,) -> 51 | F8: =VLOOKUP(A8,'Remote work mental helath'!$A$2:$T$1001,9,) -> 7
A9: EMP0008 | B9: =VLOOKUP(A9,'Remote work mental helath'!$A$2:$T$1001,5,) -> Manufacturing | C9: =VLOOKUP(A9,'Remote work mental helath'!$A$2:$T$1001,7,) -> Onsite | D9: =VLOOKUP(A9,'Remote work mental helath'!$A$2:$T$1001,6,) -> 6 | E9: =VLOOKUP(A9,'Remote work mental helath'!$A$2:$T$1001,8,) -> 54 | F9: =VLOOKUP(A9,'Remote work mental helath'!$A$2:$T$1001,9,) -> 7
A10: EMP0009 | B10: =VLOOKUP(A10,'Remote work mental helath'!$A$2:$T$1001,5,) -> Healthcare | C10: =VLOOKUP(A10,'Remote work mental helath'!$A$2:$T$1001,7,) -> Hybrid | D10: =VLOOKUP(A10,'Remote work mental helath'!$A$2:$T$1001,6,) -> 9 | E10: =VLOOKUP(A10,'Remote work mental helath'!$A$2:$T$1001,8,) -> 24 | F10: =VLOOKUP(A10,'Remote work mental helath'!$A$2:$T$1001,9,) -> 4
A11: EMP0010 | B11: =VLOOKUP(A11,'Remote work mental helath'!$A$2:$T$1001,5,) -> IT | C11: =VLOOKUP(A11,'Remote work mental helath'!$A$2:$T$1001,7,) -> Hybrid | D11: =VLOOKUP(A11,'Remote work mental helath'!$A$2:$T$1001,6,) -> 28 | E11: =VLOOKUP(A11,'Remote work mental helath'!$A$2:$T$1001,8,) -> 57 | F11: =VLOOKUP(A11,'Remote work mental helath'!$A$2:$T$1001,9,) -> 6
A12: EMP0011 | B12: =VLOOKUP(A12,'Remote work mental helath'!$A$2:$T$1001,5,) -> Finance | C12: =VLOOKUP(A12,'Remote work mental helath'!$A$2:$T$1001,7,) -> Remote | D12: =VLOOKUP(A12,'Remote work mental helath'!$A$2:$T$1001,6,) -> 17 | E12: =VLOOKUP(A12,'Remote work mental helath'!$A$2:$T$1001,8,) -> 48 | F12: =VLOOKUP(A12,'Remote work mental helath'!$A$2:$T$1001,9,) -> 3
A13: EMP0012 | B13: =VLOOKUP(A13,'Remote work mental helath'!$A$2:$T$1001,5,) -> Consulting | C13: =VLOOKUP(A13,'Remote work mental helath'!$A$2:$T$1001,7,) -> Hybrid | D13: =VLOOKUP(A13,'Remote work mental helath'!$A$2:$T$1001,6,) -> 31 | E13: =VLOOKUP(A13,'Remote work mental helath'!$A$2:$T$1001,8,) -> 26 | F13: =VLOOKUP(A13,'Remote work mental helath'!$A$2:$T$1001,9,) -> 12
... A1001: EMP1000 | B1001: =VLOOKUP(A1001,'Remote work mental helath'!$A$2:$T$1001,5,) -> Retail | C1001: =VLOOKUP(A1001,'Remote work mental helath'!$A$2:$T$1001,7,) -> Remote | D1001: =VLOOKUP(A1001,'Remote work mental helath'!$A$2:$T$1001,6,) -> 10 | E1001: =VLOOKUP(A1001,'Remote work mental helath'!$A$2:$T$1001,8,) -> 41 | F1001: =VLOOKUP(A1001,'Remote work mental helath'!$A$2:$T$1001,9,) -> 2

Sheet Mental Helath
A1: Employee ID | B1: Mental Health Condition | C1: Stress Level | D1: Work Life Balance Rating | E1: Sleep Quality | F1: Physical Activity | G1: Social Isolation Rating | H1: Productivity Change | I1: Satisfaction with Remote Work | J1: Access to Mental Health Resources | K1: Company Support for Remote Work
A2: EMP0001 | B2: =VLOOKUP(A2,'Remote work mental helath'!$A$2:$T$1001,12,) -> Depression | C2: =VLOOKUP(A2,'Remote work mental helath'!$A$2:$T$1001,11,) -> Medium | D2: =VLOOKUP('Mental Helath'!A2,'Remote work mental helath'!$A$2:$T$1001,10,) -> 2 | E2: =VLOOKUP(A2,'Remote work mental helath'!A2:T1001,19,FALSE) -> Good | F2: =VLOOKUP(A2,'Remote work mental helath'!$A$2:$T$1001,18,) -> Weekly | G2: =VLOOKUP(A2,'Remote work mental helath'!$A$2:$T$1001,15,FALSE) -> 1 | H2: =VLOOKUP(A2,'Remote work mental helath'!$A$2:$T$1001,14,) -> Decrease | I2: =VLOOKUP(A2,'Remote work mental helath'!$A$2:$T$1001,16,) -> Unsatisfied | J2: =VLOOKUP(A2,'Remote work mental helath'!$A$2:$T$1001,13,) -> No | K2: =VLOOKUP(A2,'Remote work mental helath'!$A$2:$T$1001,17,FALSE) -> 1
A3: EMP0002 | B3: =VLOOKUP(A3,'Remote work mental helath'!$A$2:$T$1001,12,) -> Anxiety | C3: =VLOOKUP(A3,'Remote work mental helath'!$A$2:$T$1001,11,) -> Medium | D3: =VLOOKUP('Mental Helath'!A3,'Remote work mental helath'!$A$2:$T$1001,10,) -> 1 | E3: =VLOOKUP(A3,'Remote work mental helath'!A3:T1002,19,FALSE) -> Good | F3: =VLOOKUP(A3,'Remote work mental helath'!$A$2:$T$1001,18,) -> Weekly | G3: =VLOOKUP(A3,'Remote work mental helath'!$A$2:$T$1001,15,FALSE) -> 3 | H3: =VLOOKUP(A3,'Remote work mental helath'!$A$2:$T$1001,14,) -> Increase | I3: =VLOOKUP(A3,'Remote work mental helath'!$A$2:$T$1001,16,) -> Satisfied | J3: =VLOOKUP(A3,'Remote work mental helath'!$A$2:$T$1001,13,) -> No | K3: =VLOOKUP(A3,'Remote work mental helath'!$A$2:$T$1001,17,FALSE) -> 2
A4: EMP0003 | B4: =VLOOKUP(A4,'Remote work mental helath'!$A$2:$T$1001,12,) -> Anxiety | C4: =VLOOKUP(A4,'Remote work mental helath'!$A$2:$T$1001,11,) -> Medium | D4: =VLOOKUP('Mental Helath'!A4,'Remote work mental helath'!$A$2:$T$1001,10,) -> 5 | E4: =VLOOKUP(A4,'Remote work mental helath'!A4:T1003,19,FALSE) -> Poor | F4: =VLOOKUP(A4,'Remote work mental helath'!$A$2:$T$1001,18,) -> None | G4: =VLOOKUP(A4,'Remote work mental helath'!$A$2:$T$1001,15,FALSE) -> 4 | H4: =VLOOKUP(A4,'Remote work mental helath'!$A$2:$T$1001,14,) -> No Change | I4: =VLOOKUP(A4,'Remote work mental helath'!$A$2:$T$1001,16,) -> Unsatisfied | J4: =VLOOKUP(A4,'Remote work mental helath'!$A$2:$T$1001,13,) -> No | K4: =VLOOKUP(A4,'Remote work mental helath'!$A$2:$T$1001,17,FALSE) -> 5
A5: EMP0004 | B5: =VLOOKUP(A5,'Remote work mental helath'!$A$2:$T$1001,12,) -> Depression | C5: =VLOOKUP(A5,'Remote work mental helath'!$A$2:$T$1001,11,) -> High | D5: =VLOOKUP('Mental Helath'!A5,'Remote work mental helath'!$A$2:$T$1001,10,) -> 4 | E5: =VLOOKUP(A5,'Remote work mental helath'!A5:T1004,19,FALSE) -> Poor | F5: =VLOOKUP(A5,'Remote work mental helath'!$A$2:$T$1001,18,) -> None | G5: =VLOOKUP(A5,'Remote work mental helath'!$A$2:$T$1001,15,FALSE) -> 3 | H5: =VLOOKUP(A5,'Remote work mental helath'!$A$2:$T$1001,14,) -> Increase | I5: =VLOOKUP(A5,'Remote work mental helath'!$A$2:$T$1001,16,) -> Unsatisfied | J5: =VLOOKUP(A5,'Remote work mental helath'!$A$2:$T$1001,13,) -> Yes | K5: =VLOOKUP(A5,'Remote work mental helath'!$A$2:$T$1001,17,FALSE) -> 3
A6: EMP0005 | B6: =VLOOKUP(A6,'Remote work mental helath'!$A$2:$T$1001,12,) -> None | C6: =VLOOKUP(A6,'Remote work mental helath'!$A$2:$T$1001,11,) -> High | D6: =VLOOKUP('Mental Helath'!A6,'Remote work mental helath'!$A$2:$T$1001,10,) -> 2 | E6: =VLOOKUP(A6,'Remote work mental helath'!A6:T1005,19,FALSE) -> Average | F6: =VLOOKUP(A6,'Remote work mental helath'!$A$2:$T$1001,18,) -> Weekly | G6: =VLOOKUP(A6,'Remote work mental helath'!$A$2:$T$1001,15,FALSE) -> 3 | H6: =VLOOKUP(A6,'Remote work mental helath'!$A$2:$T$1001,14,) -> Decrease | I6: =VLOOKUP(A6,'Remote work mental helath'!$A$2:$T$1001,16,) -> Unsatisfied | J6: =VLOOKUP(A6,'Remote work mental helath'!$A$2:$T$1001,13,) -> Yes | K6: =VLOOKUP(A6,'Remote work mental helath'!$A$2:$T$1001,17,FALSE) -> 3
A7: EMP0006 | B7: =VLOOKUP(A7,'Remote work mental helath'!$A$2:$T$1001,12,) -> None | C7: =VLOOKUP(A7,'Remote work mental helath'!$A$2:$T$1001,11,) -> High | D7: =VLOOKUP('Mental Helath'!A7,'Remote work mental helath'!$A$2:$T$1001,10,) -> 4 | E7: =VLOOKUP(A7,'Remote work mental helath'!A7:T1006,19,FALSE) -> Average | F7: =VLOOKUP(A7,'Remote work mental helath'!$A$2:$T$1001,18,) -> None | G7: =VLOOKUP(A7,'Remote work mental helath'!$A$2:$T$1001,15,FALSE) -> 5 | H7: =VLOOKUP(A7,'Remote work mental helath'!$A$2:$T$1001,14,) -> Increase | I7: =VLOOKUP(A7,'Remote work mental helath'!$A$2:$T$1001,16,) -> Unsatisfied | J7: =VLOOKUP(A7,'Remote work mental helath'!$A$2:$T$1001,13,) -> No | K7: =VLOOKUP(A7,'Remote work mental helath'!$A$2:$T$1001,17,FALSE) -> 1
A8: EMP0007 | B8: =VLOOKUP(A8,'Remote work mental helath'!$A$2:$T$1001,12,) -> Anxiety | C8: =VLOOKUP(A8,'Remote work mental helath'!$A$2:$T$1001,11,) -> Low | D8: =VLOOKUP('Mental Helath'!A8,'Remote work mental helath'!$A$2:$T$1001,10,) -> 3 | E8: =VLOOKUP(A8,'Remote work mental helath'!A8:T1007,19,FALSE) -> Poor | F8: =VLOOKUP(A8,'Remote work mental helath'!$A$2:$T$1001,18,) -> Daily | G8: =VLOOKUP(A8,'Remote work mental helath'!$A$2:$T$1001,15,FALSE) -> 5 | H8: =VLOOKUP(A8,'Remote work mental helath'!$A$2:$T$1001,14,) -> Decrease | I8: =VLOOKUP(A8,'Remote work mental helath'!$A$2:$T$1001,16,) -> Neutral | J8: =VLOOKUP(A8,'Remote work mental helath'!$A$2:$T$1001,13,) -> Yes | K8: =VLOOKUP(A8,'Remote work mental helath'!$A$2:$T$1001,17,FALSE) -> 3
A9: EMP0008 | B9: =VLOOKUP(A9,'Remote work mental helath'!$A$2:$T$1001,12,) -> Depression | C9: =VLOOKUP(A9,'Remote work mental helath'!$A$2:$T$1001,11,) -> Medium | D9: =VLOOKUP('Mental Helath'!A9,'Remote work mental helath'!$A$2:$T$1001,10,) -> 3 | E9: =VLOOKUP(A9,'Remote work mental helath'!A9:T1008,19,FALSE) -> Average | F9: =VLOOKUP(A9,'Remote work mental helath'!$A$2:$T$1001,18,) -> None | G9: =VLOOKUP(A9,'Remote work mental helath'!$A$2:$T$1001,15,FALSE) -> 5 | H9: =VLOOKUP(A9,'Remote work mental helath'!$A$2:$T$1001,14,) -> Decrease | I9: =VLOOKUP(A9,'Remote work mental helath'!$A$2:$T$1001,16,) -> Satisfied | J9: =VLOOKUP(A9,'Remote work mental helath'!$A$2:$T$1001,13,) -> No | K9: =VLOOKUP(A9,'Remote work mental helath'!$A$2:$T$1001,17,FALSE) -> 4
A10: EMP0009 | B10: =VLOOKUP(A10,'Remote work mental helath'!$A$2:$T$1001,12,) -> None | C10: =VLOOKUP(A10,'Remote work mental helath'!$A$2:$T$1001,11,) -> High | D10: =VLOOKUP('Mental Helath'!A10,'Remote work mental helath'!$A$2:$T$1001,10,) -> 2 | E10: =VLOOKUP(A10,'Remote work mental helath'!A10:T1009,19,FALSE) -> Poor | F10: =VLOOKUP(A10,'Remote work mental helath'!$A$2:$T$1001,18,) -> Daily | G10: =VLOOKUP(A10,'Remote work mental helath'!$A$2:$T$1001,15,FALSE) -> 2 | H10: =VLOOKUP(A10,'Remote work mental helath'!$A$2:$T$1001,14,) -> Decrease | I10: =VLOOKUP(A10,'Remote work mental helath'!$A$2:$T$1001,16,) -> Unsatisfied | J10: =VLOOKUP(A10,'Remote work mental helath'!$A$2:$T$1001,13,) -> Yes | K10: =VLOOKUP(A10,'Remote work mental helath'!$A$2:$T$1001,17,FALSE) -> 4
A11: EMP0010 | B11: =VLOOKUP(A11,'Remote work mental helath'!$A$2:$T$1001,12,) -> Depression | C11: =VLOOKUP(A11,'Remote work mental helath'!$A$2:$T$1001,11,) -> Low | D11: =VLOOKUP('Mental Helath'!A11,'Remote work mental helath'!$A$2:$T$1001,10,) -> 1 | E11: =VLOOKUP(A11,'Remote work mental helath'!A11:T1010,19,FALSE) -> Poor | F11: =VLOOKUP(A11,'Remote work mental helath'!$A$2:$T$1001,18,) -> Weekly | G11: =VLOOKUP(A11,'Remote work mental helath'!$A$2:$T$1001,15,FALSE) -> 2 | H11: =VLOOKUP(A11,'Remote work mental helath'!$A$2:$T$1001,14,) -> Decrease | I11: =VLOOKUP(A11,'Remote work mental helath'!$A$2:$T$1001,16,) -> Neutral | J11: =VLOOKUP(A11,'Remote work mental helath'!$A$2:$T$1001,13,) -> Yes | K11: =VLOOKUP(A11,'Remote work mental helath'!$A$2:$T$1001,17,FALSE) -> 1
A12: EMP0011 | B12: =VLOOKUP(A12,'Remote work mental helath'!$A$2:$T$1001,12,) -> None | C12: =VLOOKUP(A12,'Remote work mental helath'!$A$2:$T$1001,11,) -> High | D12: =VLOOKUP('Mental Helath'!A12,'Remote work mental helath'!$A$2:$T$1001,10,) -> 3 | E12: =VLOOKUP(A12,'Remote work mental helath'!A12:T1011,19,FALSE) -> Average | F12: =VLOOKUP(A12,'Remote work mental helath'!$A$2:$T$1001,18,) -> Weekly | G12: =VLOOKUP(A12,'Remote work mental helath'!$A$2:$T$1001,15,FALSE) -> 4 | H12: =VLOOKUP(A12,'Remote work mental helath'!$A$2:$T$1001,14,) -> Decrease | I12: =VLOOKUP(A12,'Remote work mental helath'!$A$2:$T$1001,16,) -> Satisfied | J12: =VLOOKUP(A12,'Remote work mental helath'!$A$2:$T$1001,13,) -> Yes | K12: =VLOOKUP(A12,'Remote work mental helath'!$A$2:$T$1001,17,FALSE) -> 2
A13: EMP0012 | B13: =VLOOKUP(A13,'Remote work mental helath'!$A$2:$T$1001,12,) -> None | C13: =VLOOKUP(A13,'Remote work mental helath'!$A$2:$T$1001,11,) -> Medium | D13: =VLOOKUP('Mental Helath'!A13,'Remote work mental helath'!$A$2:$T$1001,10,) -> 4 | E13: =VLOOKUP(A13,'Remote work mental helath'!A13:T1012,19,FALSE) -> Poor | F13: =VLOOKUP(A13,'Remote work mental helath'!$A$2:$T$1001,18,) -> Weekly | G13: =VLOOKUP(A13,'Remote work mental helath'!$A$2:$T$1001,15,FALSE) -> 4 | H13: =VLOOKUP(A13,'Remote work mental helath'!$A$2:$T$1001,14,) -> No Change | I13: =VLOOKUP(A13,'Remote work mental helath'!$A$2:$T$1001,16,) -> Neutral | J13: =VLOOKUP(A13,'Remote work mental helath'!$A$2:$T$1001,13,) -> Yes | K13: =VLOOKUP(A13,'Remote work mental helath'!$A$2:$T$1001,17,FALSE) -> 3
... A1001: EMP1000 | B1001: =VLOOKUP(A1001,'Remote work mental helath'!$A$2:$T$1001,12,) -> Anxiety | C1001: =VLOOKUP(A1001,'Remote work mental helath'!$A$2:$T$1001,11,) -> High | D1001: =VLOOKUP('Mental Helath'!A1001,'Remote work mental helath'!$A$2:$T$1001,10,) -> 1 | E1001: =VLOOKUP(A1001,'Remote work mental helath'!A1001:T2000,19,FALSE) -> Poor | F1001: =VLOOKUP(A1001,'Remote work mental helath'!$A$2:$T$1001,18,) -> None | G1001: =VLOOKUP(A1001,'Remote work mental helath'!$A$2:$T$1001,15,FALSE) -> 5 | H1001: =VLOOKUP(A1001,'Remote work mental helath'!$A$2:$T$1001,14,) -> Increase | I1001: =VLOOKUP(A1001,'Remote work mental helath'!$A$2:$T$1001,16,) -> Neutral | J1001: =VLOOKUP(A1001,'Remote work mental helath'!$A$2:$T$1001,13,) -> Yes | K1001: =VLOOKUP(A1001,'Remote work mental helath'!$A$2:$T$1001,17,FALSE) -> 1

Sheet PivotTable
A3: Count of Employee ID | H3: Age Group | I3: Count of Employee ID
A4: Employee ID | B4: Female | C4: Male | D4: Non-binary | E4: Prefer not to say | F4: Grand Total | H4: 20-29 | I4: 183
A5: Africa | B5: 49 | C5: 44 | D5: 35 | E5: 41 | F5: 169 | H5: 30-39 | I5: 244
A6: Asia | B6: 42 | C6: 50 | D6: 38 | E6: 43 | F6: 173 | H6: 40-49 | I6: 285
A7: Europe | B7: 42 | C7: 37 | D7: 44 | E7: 50 | F7: 173 | H7: 50+ | I7: 288
A8: North America | B8: 37 | C8: 39 | D8: 36 | E8: 45 | F8: 157 | H8: Grand Total | I8: 1000
A9: Oceania | B9: 42 | C9: 50 | D9: 30 | E9: 46 | F9: 168
A10: South America | B10: 32 | C10: 44 | D10: 49 | E10: 35 | F10: 160
A11: Grand Total | B11: 244 | C11: 264 | D11: 232 | E11: 260 | F11: 1000

Sheet Quick Analysis
A3: Region | B3: Count of Employee ID
A4: Africa | B4: 169
A5: Asia | B5: 173
A6: Europe | B6: 173
A7: North America | B7: 157
A8: Oceania | B8: 168
A9: South America | B9: 160
E10: 👥
